"""00";Description: Serial Shipping Container Code;"SSCC""";
"""01";Description: Global Trade Item Number;"GTIN""";
"""02";Description: Global Trade Item Number (GTIN) of contained trade items;"CONTENT""";
"""10";Description: Batch or lot number;"BATCH/LOT""";
"""11";Description: Production date;"PROD DATE""";
"""12";Description: Due date;"DUE DATE""";
"""13";Description: Packing date;"PACK DATE""";
"""15";Description: Best before date;"BEST BEFORE or BEST BY""";
"""16";Description: Sell by date;"SELL BY""";
"""17";Description: Expiration date;"USE BY OR EXPIRY""";
"""20";Description: Internal product variant;"VARIANT""";
"""21";Description: Serial number;"SERIAL""";
"""22";Description: Consumer product variant;"CPV""";
"""30";Description: Variable count of items (variable measure trade item);"VAR. COUNT""";
"""37";Description: Count of trade items or trade item pieces contained in a logistic unit;"COUNT""";
"""90";Description: Information mutually agreed between trading partners;"INTERNAL""";
"""91";Description: Company internal information;"INTERNAL""";
"""92";Description: Company internal information;"INTERNAL""";
"""93";Description: Company internal information;"INTERNAL""";
"""94";Description: Company internal information;"INTERNAL""";
"""95";Description: Company internal information;"INTERNAL""";
"""96";Description: Company internal information;"INTERNAL""";
"""97";Description: Company internal information;"INTERNAL""";
"""98";Description: Company internal information;"INTERNAL""";
"""99";Description: Company internal information;"INTERNAL""";
"""235";Description: Third Party Controlled, Serialised Extension of Global Trade Item Number (GTIN);"TPX""";
"""240";Description: Additional product identification assigned by the manufacturer;"ADDITIONAL ID""";
"""241";Description: Customer part number;"CUST. PART NO.""";
"""242";Description: Made-to-Order variation number MTO;"VARIANT""";
"""243";Description: Packaging component number;"PCN""";
"""250";Description: Secondary serial number;"SECONDARY SERIAL""";
"""251";Description: Reference to source entity;"REF. TO SOURCE""";
"""253";Description: Global Document Type Identifier (GDTI);"GDTI""";
"""254";Description: Global Location Number (GLN) extension component GLN;"EXTENSION COMPONENT""";
"""255";Description: Global Coupon Number (GCN);"GCN""";
"""400";Description: Customers purchase order number;"ORDER NUMBER""";
"""401";Description: Global Identification Number for Consignment (GINC);"GINC""";
"""402";Description: Global Shipment Identification Number (GSIN);"GSIN""";
"""403";Description: Routing code;"ROUTE""";
"""410";Description: Ship to / Deliver to Global Location Number (GLN);"SHIP TO LOC""";
"""411";Description: Bill to / Invoice to Global Location Number (GLN);"BILL TO""";
"""412";Description: Purchased from Global Location Number (GLN);"PURCHASE FROM""";
"""413";Description: Ship for / Deliver for - Forward to Global Location Number (GLN);"SHIP FOR LOC""";
"""414";Description: Identification of a physical location - Global Location Number (GLN);"LOC No""";
"""415";Description: Global Location Number (GLN) of the invoicing party;"PAY TO""";
"""416";Description: Global Location Number (GLN) of the production or service location;"PROD/SERV LOC""";
"""417";Description: Party Global Location Number (GLN);"PARTY""";
"""420";Description: Ship to / Deliver to postal code within a single postal authority;"SHIP TO POST""";
"""421";Description: Ship to / Deliver to postal code with ISO country code;ISO;"SHIP TO POST"""
"""422";Description: Country of origin of a trade item;"ORIGIN""";
"""423";Description: Country of initial processing COUNTRY;"INITIAL PROCESS.""";
"""424";Description: Country of processing COUNTRY;"PROCESS.""";
"""425";Description: Country of disassembly COUNTRY;"DISASSEMBLY""";
"""426";Description: Country covering full process chain;"COUNTRY - FULL PROCESS""";
"""427";Description: Country subdivision Of origin;"ORIGIN SUBDIVISION""";
"""710";Description: National Healthcare Reimbursement Number (NHRN) Germany;"PZN NHRN PZN""";
"""711";Description: National Healthcare Reimbursement Number (NHRN) France;"CIP NHRN CIP""";
"""712";Description: National Healthcare Reimbursement Number (NHRN) Spain;"CN NHRN CN""";
"""713";Description: National Healthcare Reimbursement Number (NHRN) Brasil;"DRN NHRN DRN""";
"""714";Description: National Healthcare Reimbursement Number (NHRN) Portugal;"AIM NHRN AIM""";
"""715";Description: National Healthcare Reimbursement Number (NHRN) United States of America;"NDC NHRN NDC""";
"""3100";Description: Net weight, kilograms (variable measure trade item);"NET WEIGHT (kg)""";
"""3110";Description: Length or first dimension, metres (variable measure trade item);"LENGTH (m)""";
"""3120";Description: Width, diameter, or second dimension, metres (variable measure trade item);"WIDTH (m)""";
"""3130";Description: Depth, thickness, height, or third dimension, metres (variable measure trade item);"HEIGHT (m)""";
"""3140";Description: Area, square metres (variable measure trade item);"AREA (m<sup>2</sup>)""";
"""3150";Description: Net volume, litres (variable measure trade item);"NET VOLUME (l)""";
"""3160";Description: Net volume, cubic metres (variable measure trade item);"NET VOLUME (m<sup>3</sup>)""";
"""3200";Description: Net weight, pounds (variable measure trade item);"NET WEIGHT (lb)""";
"""3210";Description: Length or first dimension, inches (variable measure trade item);"LENGTH (in)""";
"""3220";Description: Length or first dimension, feet (variable measure trade item);"LENGTH (ft)""";
"""3230";Description: Length or first dimension, yards (variable measure trade item);"LENGTH (yd)""";
"""3240";Description: Width, diameter, or second dimension, inches (variable measure trade item);"WIDTH (in)""";
"""3250";Description: Width, diameter, or second dimension, feet (variable measure trade item);"WIDTH (ft)""";
"""3260";Description: Width, diameter, or second dimension, yards (variable measure trade item);"WIDTH (yd)""";
"""3270";Description: Depth, thickness, height, or third dimension, inches (variable measure trade item);"HEIGHT (in)""";
"""3280";Description: Depth, thickness, height, or third dimension, feet (variable measure trade item);"HEIGHT (ft)""";
"""3290";Description: Depth, thickness, height, or third dimension, yards (variable measure trade item);"HEIGHT (yd)""";
"""3300";Description: Logistic weight, kilograms;"GROSS WEIGHT (kg)""";
"""3310";Description: Length or first dimension, metres;"LENGTH (m), log""";
"""3320";Description: Width, diameter, or second dimension, metres;"WIDTH (m), log""";
"""3330";Description: Depth, thickness, height, or third dimension, metres;"HEIGHT (m), log""";
"""3340";Description: Area, square metres;"AREA (m<sup>2</sup>), log""";
"""3350";Description: Logistic volume, litres;"VOLUME (l), log""";
"""3360";Description: Logistic volume, cubic metres;"VOLUME (m<sup>3</sup>), log""";
"""3370";Description: Kilograms per square metre;"KG PER m<sup>2</sup>""";
"""3400";Description: Logistic weight, pounds;"GROSS WEIGHT (lb)""";
"""3410";Description: Length or first dimension, inches;"LENGTH (in), log""";
"""3420";Description: Length or first dimension, feet;"LENGTH (ft), log""";
"""3430";Description: Length or first dimension, yards;"LENGTH (yd), log""";
"""3440";Description: Width, diameter, or second dimension, inches;"WIDTH (in), log""";
"""3450";Description: Width, diameter, or second dimension, feet;"WIDTH (ft), log""";
"""3460";Description: Width, diameter, or second dimension, feet;"WIDTH (yd), log""";
"""3470";Description: Depth, thickness, height, or third dimension, inches;"HEIGHT (in), log""";
"""3480";Description: Depth, thickness, height, or third dimension, feet;"HEIGHT (ft), log""";
"""3490";Description: Depth, thickness, height, or third dimension, yards;"HEIGHT (yd), log""";
"""3500";Description: Area, square inches (variable measure trade item);"AREA (in<sup>2</sup>)""";
"""3510";Description: Area, square feet (variable measure trade item);"AREA (ft<sup>2</sup>)""";
"""3520";Description: Area, square yards (variable measure trade item);"AREA (yd<sup>2</sup>)""";
"""3530";Description: Area, square inches;"AREA (in<sup>2</sup>), log""";
"""3540";Description: Area, square feet;"AREA (ft<sup>2</sup>), log""";
"""3550";Description: Area, square yards;"AREA (yd<sup>2</sup>), log""";
"""3560";Description: Net weight, troy ounces (variable measure trade item);"NET WEIGHT (t oz)""";
"""3570";Description: Net weight (or volume), ounces (variable measure trade item);"NET VOLUME (oz)""";
"""3600";Description: Net volume, quarts (variable measure trade item);"NET VOLUME (qt)""";
"""3610";Description: Net volume, gallons U.S. (variable measure trade item);"NET VOLUME (gal.)""";
"""3620";Description: Logistic volume, quarts;"VOLUME (qt), log""";
"""3630";Description: Logistic volume, gallons U.S.;"VOLUME (gal.), log""";
"""3640";Description: Net volume, cubic inches (variable measure trade item);"VOLUME (in<sup>3</sup>)""";
"""3650";Description: Net volume, cubic feet (variable measure trade item);"VOLUME (ft<sup>3</sup>)""";
"""3660";Description: Net volume, cubic yards (variable measure trade item);"VOLUME (yd<sup>3</sup>)""";
"""3670";Description: Logistic volume, cubic inches;"VOLUME (in<sup>3</sup>), log""";
"""3680";Description: Logistic volume, cubic feet;"VOLUME (ft<sup>3</sup>), log""";
"""3690";Description: Logistic volume, cubic yards;"VOLUME (yd<sup>3</sup>), log""";
"""3101";Description: Net weight, kilograms (variable measure trade item);"NET WEIGHT (kg)""";
"""3111";Description: Length or first dimension, metres (variable measure trade item);"LENGTH (m)""";
"""3121";Description: Width, diameter, or second dimension, metres (variable measure trade item);"WIDTH (m)""";
"""3131";Description: Depth, thickness, height, or third dimension, metres (variable measure trade item);"HEIGHT (m)""";
"""3141";Description: Area, square metres (variable measure trade item);"AREA (m<sup>2</sup>)""";
"""3151";Description: Net volume, litres (variable measure trade item);"NET VOLUME (l)""";
"""3161";Description: Net volume, cubic metres (variable measure trade item);"NET VOLUME (m<sup>3</sup>)""";
"""3201";Description: Net weight, pounds (variable measure trade item);"NET WEIGHT (lb)""";
"""3211";Description: Length or first dimension, inches (variable measure trade item);"LENGTH (in)""";
"""3221";Description: Length or first dimension, feet (variable measure trade item);"LENGTH (ft)""";
"""3231";Description: Length or first dimension, yards (variable measure trade item);"LENGTH (yd)""";
"""3241";Description: Width, diameter, or second dimension, inches (variable measure trade item);"WIDTH (in)""";
"""3251";Description: Width, diameter, or second dimension, feet (variable measure trade item);"WIDTH (ft)""";
"""3261";Description: Width, diameter, or second dimension, yards (variable measure trade item);"WIDTH (yd)""";
"""3271";Description: Depth, thickness, height, or third dimension, inches (variable measure trade item);"HEIGHT (in)""";
"""3281";Description: Depth, thickness, height, or third dimension, feet (variable measure trade item);"HEIGHT (ft)""";
"""3291";Description: Depth, thickness, height, or third dimension, yards (variable measure trade item);"HEIGHT (yd)""";
"""3301";Description: Logistic weight, kilograms;"GROSS WEIGHT (kg)""";
"""3311";Description: Length or first dimension, metres;"LENGTH (m), log""";
"""3321";Description: Width, diameter, or second dimension, metres;"WIDTH (m), log""";
"""3331";Description: Depth, thickness, height, or third dimension, metres;"HEIGHT (m), log""";
"""3341";Description: Area, square metres;"AREA (m<sup>2</sup>), log""";
"""3351";Description: Logistic volume, litres;"VOLUME (l), log""";
"""3361";Description: Logistic volume, cubic metres;"VOLUME (m<sup>3</sup>), log""";
"""3371";Description: Kilograms per square metre;"KG PER m<sup>2</sup>""";
"""3401";Description: Logistic weight, pounds;"GROSS WEIGHT (lb)""";
"""3411";Description: Length or first dimension, inches;"LENGTH (in), log""";
"""3421";Description: Length or first dimension, feet;"LENGTH (ft), log""";
"""3431";Description: Length or first dimension, yards;"LENGTH (yd), log""";
"""3441";Description: Width, diameter, or second dimension, inches;"WIDTH (in), log""";
"""3451";Description: Width, diameter, or second dimension, feet;"WIDTH (ft), log""";
"""3461";Description: Width, diameter, or second dimension, feet;"WIDTH (yd), log""";
"""3471";Description: Depth, thickness, height, or third dimension, inches;"HEIGHT (in), log""";
"""3481";Description: Depth, thickness, height, or third dimension, feet;"HEIGHT (ft), log""";
"""3491";Description: Depth, thickness, height, or third dimension, yards;"HEIGHT (yd), log""";
"""3501";Description: Area, square inches (variable measure trade item);"AREA (in<sup>2</sup>)""";
"""3511";Description: Area, square feet (variable measure trade item);"AREA (ft<sup>2</sup>)""";
"""3521";Description: Area, square yards (variable measure trade item);"AREA (yd<sup>2</sup>)""";
"""3531";Description: Area, square inches;"AREA (in<sup>2</sup>), log""";
"""3541";Description: Area, square feet;"AREA (ft<sup>2</sup>), log""";
"""3551";Description: Area, square yards;"AREA (yd<sup>2</sup>), log""";
"""3561";Description: Net weight, troy ounces (variable measure trade item);"NET WEIGHT (t oz)""";
"""3571";Description: Net weight (or volume), ounces (variable measure trade item);"NET VOLUME (oz)""";
"""3601";Description: Net volume, quarts (variable measure trade item);"NET VOLUME (qt)""";
"""3611";Description: Net volume, gallons U.S. (variable measure trade item);"NET VOLUME (gal.)""";
"""3621";Description: Logistic volume, quarts;"VOLUME (qt), log""";
"""3631";Description: Logistic volume, gallons U.S.;"VOLUME (gal.), log""";
"""3641";Description: Net volume, cubic inches (variable measure trade item);"VOLUME (in<sup>3</sup>)""";
"""3651";Description: Net volume, cubic feet (variable measure trade item);"VOLUME (ft<sup>3</sup>)""";
"""3661";Description: Net volume, cubic yards (variable measure trade item);"VOLUME (yd<sup>3</sup>)""";
"""3671";Description: Logistic volume, cubic inches;"VOLUME (in<sup>3</sup>), log""";
"""3681";Description: Logistic volume, cubic feet;"VOLUME (ft<sup>3</sup>), log""";
"""3691";Description: Logistic volume, cubic yards;"VOLUME (yd<sup>3</sup>), log""";
"""3102";Description: Net weight, kilograms (variable measure trade item);"NET WEIGHT (kg)""";
"""3112";Description: Length or first dimension, metres (variable measure trade item);"LENGTH (m)""";
"""3122";Description: Width, diameter, or second dimension, metres (variable measure trade item);"WIDTH (m)""";
"""3132";Description: Depth, thickness, height, or third dimension, metres (variable measure trade item);"HEIGHT (m)""";
"""3142";Description: Area, square metres (variable measure trade item);"AREA (m<sup>2</sup>)""";
"""3152";Description: Net volume, litres (variable measure trade item);"NET VOLUME (l)""";
"""3162";Description: Net volume, cubic metres (variable measure trade item);"NET VOLUME (m<sup>3</sup>)""";
"""3202";Description: Net weight, pounds (variable measure trade item);"NET WEIGHT (lb)""";
"""3212";Description: Length or first dimension, inches (variable measure trade item);"LENGTH (in)""";
"""3222";Description: Length or first dimension, feet (variable measure trade item);"LENGTH (ft)""";
"""3232";Description: Length or first dimension, yards (variable measure trade item);"LENGTH (yd)""";
"""3242";Description: Width, diameter, or second dimension, inches (variable measure trade item);"WIDTH (in)""";
"""3252";Description: Width, diameter, or second dimension, feet (variable measure trade item);"WIDTH (ft)""";
"""3262";Description: Width, diameter, or second dimension, yards (variable measure trade item);"WIDTH (yd)""";
"""3272";Description: Depth, thickness, height, or third dimension, inches (variable measure trade item);"HEIGHT (in)""";
"""3282";Description: Depth, thickness, height, or third dimension, feet (variable measure trade item);"HEIGHT (ft)""";
"""3292";Description: Depth, thickness, height, or third dimension, yards (variable measure trade item);"HEIGHT (yd)""";
"""3302";Description: Logistic weight, kilograms;"GROSS WEIGHT (kg)""";
"""3312";Description: Length or first dimension, metres;"LENGTH (m), log""";
"""3322";Description: Width, diameter, or second dimension, metres;"WIDTH (m), log""";
"""3332";Description: Depth, thickness, height, or third dimension, metres;"HEIGHT (m), log""";
"""3342";Description: Area, square metres;"AREA (m<sup>2</sup>), log""";
"""3352";Description: Logistic volume, litres;"VOLUME (l), log""";
"""3362";Description: Logistic volume, cubic metres;"VOLUME (m<sup>3</sup>), log""";
"""3372";Description: Kilograms per square metre;"KG PER m<sup>2</sup>""";
"""3402";Description: Logistic weight, pounds;"GROSS WEIGHT (lb)""";
"""3412";Description: Length or first dimension, inches;"LENGTH (in), log""";
"""3422";Description: Length or first dimension, feet;"LENGTH (ft), log""";
"""3432";Description: Length or first dimension, yards;"LENGTH (yd), log""";
"""3442";Description: Width, diameter, or second dimension, inches;"WIDTH (in), log""";
"""3452";Description: Width, diameter, or second dimension, feet;"WIDTH (ft), log""";
"""3462";Description: Width, diameter, or second dimension, feet;"WIDTH (yd), log""";
"""3472";Description: Depth, thickness, height, or third dimension, inches;"HEIGHT (in), log""";
"""3482";Description: Depth, thickness, height, or third dimension, feet;"HEIGHT (ft), log""";
"""3492";Description: Depth, thickness, height, or third dimension, yards;"HEIGHT (yd), log""";
"""3502";Description: Area, square inches (variable measure trade item);"AREA (in<sup>2</sup>)""";
"""3512";Description: Area, square feet (variable measure trade item);"AREA (ft<sup>2</sup>)""";
"""3522";Description: Area, square yards (variable measure trade item);"AREA (yd<sup>2</sup>)""";
"""3532";Description: Area, square inches;"AREA (in<sup>2</sup>), log""";
"""3542";Description: Area, square feet;"AREA (ft<sup>2</sup>), log""";
"""3552";Description: Area, square yards;"AREA (yd<sup>2</sup>), log""";
"""3562";Description: Net weight, troy ounces (variable measure trade item);"NET WEIGHT (t oz)""";
"""3572";Description: Net weight (or volume), ounces (variable measure trade item);"NET VOLUME (oz)""";
"""3602";Description: Net volume, quarts (variable measure trade item);"NET VOLUME (qt)""";
"""3612";Description: Net volume, gallons U.S. (variable measure trade item);"NET VOLUME (gal.)""";
"""3622";Description: Logistic volume, quarts;"VOLUME (qt), log""";
"""3632";Description: Logistic volume, gallons U.S.;"VOLUME (gal.), log""";
"""3642";Description: Net volume, cubic inches (variable measure trade item);"VOLUME (in<sup>3</sup>)""";
"""3652";Description: Net volume, cubic feet (variable measure trade item);"VOLUME (ft<sup>3</sup>)""";
"""3662";Description: Net volume, cubic yards (variable measure trade item);"VOLUME (yd<sup>3</sup>)""";
"""3672";Description: Logistic volume, cubic inches;"VOLUME (in<sup>3</sup>), log""";
"""3682";Description: Logistic volume, cubic feet;"VOLUME (ft<sup>3</sup>), log""";
"""3692";Description: Logistic volume, cubic yards;"VOLUME (yd<sup>3</sup>), log""";
"""3103";Description: Net weight, kilograms (variable measure trade item);"NET WEIGHT (kg)""";
"""3113";Description: Length or first dimension, metres (variable measure trade item);"LENGTH (m)""";
"""3123";Description: Width, diameter, or second dimension, metres (variable measure trade item);"WIDTH (m)""";
"""3133";Description: Depth, thickness, height, or third dimension, metres (variable measure trade item);"HEIGHT (m)""";
"""3143";Description: Area, square metres (variable measure trade item);"AREA (m<sup>2</sup>)""";
"""3153";Description: Net volume, litres (variable measure trade item);"NET VOLUME (l)""";
"""3163";Description: Net volume, cubic metres (variable measure trade item);"NET VOLUME (m<sup>3</sup>)""";
"""3203";Description: Net weight, pounds (variable measure trade item);"NET WEIGHT (lb)""";
"""3213";Description: Length or first dimension, inches (variable measure trade item);"LENGTH (in)""";
"""3223";Description: Length or first dimension, feet (variable measure trade item);"LENGTH (ft)""";
"""3233";Description: Length or first dimension, yards (variable measure trade item);"LENGTH (yd)""";
"""3243";Description: Width, diameter, or second dimension, inches (variable measure trade item);"WIDTH (in)""";
"""3253";Description: Width, diameter, or second dimension, feet (variable measure trade item);"WIDTH (ft)""";
"""3263";Description: Width, diameter, or second dimension, yards (variable measure trade item);"WIDTH (yd)""";
"""3273";Description: Depth, thickness, height, or third dimension, inches (variable measure trade item);"HEIGHT (in)""";
"""3283";Description: Depth, thickness, height, or third dimension, feet (variable measure trade item);"HEIGHT (ft)""";
"""3293";Description: Depth, thickness, height, or third dimension, yards (variable measure trade item);"HEIGHT (yd)""";
"""3303";Description: Logistic weight, kilograms;"GROSS WEIGHT (kg)""";
"""3313";Description: Length or first dimension, metres;"LENGTH (m), log""";
"""3323";Description: Width, diameter, or second dimension, metres;"WIDTH (m), log""";
"""3333";Description: Depth, thickness, height, or third dimension, metres;"HEIGHT (m), log""";
"""3343";Description: Area, square metres;"AREA (m<sup>2</sup>), log""";
"""3353";Description: Logistic volume, litres;"VOLUME (l), log""";
"""3363";Description: Logistic volume, cubic metres;"VOLUME (m<sup>3</sup>), log""";
"""3373";Description: Kilograms per square metre;"KG PER m<sup>2</sup>""";
"""3403";Description: Logistic weight, pounds;"GROSS WEIGHT (lb)""";
"""3413";Description: Length or first dimension, inches;"LENGTH (in), log""";
"""3423";Description: Length or first dimension, feet;"LENGTH (ft), log""";
"""3433";Description: Length or first dimension, yards;"LENGTH (yd), log""";
"""3443";Description: Width, diameter, or second dimension, inches;"WIDTH (in), log""";
"""3453";Description: Width, diameter, or second dimension, feet;"WIDTH (ft), log""";
"""3463";Description: Width, diameter, or second dimension, feet;"WIDTH (yd), log""";
"""3473";Description: Depth, thickness, height, or third dimension, inches;"HEIGHT (in), log""";
"""3483";Description: Depth, thickness, height, or third dimension, feet;"HEIGHT (ft), log""";
"""3493";Description: Depth, thickness, height, or third dimension, yards;"HEIGHT (yd), log""";
"""3503";Description: Area, square inches (variable measure trade item);"AREA (in<sup>2</sup>)""";
"""3513";Description: Area, square feet (variable measure trade item);"AREA (ft<sup>2</sup>)""";
"""3523";Description: Area, square yards (variable measure trade item);"AREA (yd<sup>2</sup>)""";
"""3533";Description: Area, square inches;"AREA (in<sup>2</sup>), log""";
"""3543";Description: Area, square feet;"AREA (ft<sup>2</sup>), log""";
"""3553";Description: Area, square yards;"AREA (yd<sup>2</sup>), log""";
"""3563";Description: Net weight, troy ounces (variable measure trade item);"NET WEIGHT (t oz)""";
"""3573";Description: Net weight (or volume), ounces (variable measure trade item);"NET VOLUME (oz)""";
"""3603";Description: Net volume, quarts (variable measure trade item);"NET VOLUME (qt)""";
"""3613";Description: Net volume, gallons U.S. (variable measure trade item);"NET VOLUME (gal.)""";
"""3623";Description: Logistic volume, quarts;"VOLUME (qt), log""";
"""3633";Description: Logistic volume, gallons U.S.;"VOLUME (gal.), log""";
"""3643";Description: Net volume, cubic inches (variable measure trade item);"VOLUME (in<sup>3</sup>)""";
"""3653";Description: Net volume, cubic feet (variable measure trade item);"VOLUME (ft<sup>3</sup>)""";
"""3663";Description: Net volume, cubic yards (variable measure trade item);"VOLUME (yd<sup>3</sup>)""";
"""3673";Description: Logistic volume, cubic inches;"VOLUME (in<sup>3</sup>), log""";
"""3683";Description: Logistic volume, cubic feet;"VOLUME (ft<sup>3</sup>), log""";
"""3693";Description: Logistic volume, cubic yards;"VOLUME (yd<sup>3</sup>), log""";
"""3104";Description: Net weight, kilograms (variable measure trade item);"NET WEIGHT (kg)""";
"""3114";Description: Length or first dimension, metres (variable measure trade item);"LENGTH (m)""";
"""3124";Description: Width, diameter, or second dimension, metres (variable measure trade item);"WIDTH (m)""";
"""3134";Description: Depth, thickness, height, or third dimension, metres (variable measure trade item);"HEIGHT (m)""";
"""3144";Description: Area, square metres (variable measure trade item);"AREA (m<sup>2</sup>)""";
"""3154";Description: Net volume, litres (variable measure trade item);"NET VOLUME (l)""";
"""3164";Description: Net volume, cubic metres (variable measure trade item);"NET VOLUME (m<sup>3</sup>)""";
"""3204";Description: Net weight, pounds (variable measure trade item);"NET WEIGHT (lb)""";
"""3214";Description: Length or first dimension, inches (variable measure trade item);"LENGTH (in)""";
"""3224";Description: Length or first dimension, feet (variable measure trade item);"LENGTH (ft)""";
"""3234";Description: Length or first dimension, yards (variable measure trade item);"LENGTH (yd)""";
"""3244";Description: Width, diameter, or second dimension, inches (variable measure trade item);"WIDTH (in)""";
"""3254";Description: Width, diameter, or second dimension, feet (variable measure trade item);"WIDTH (ft)""";
"""3264";Description: Width, diameter, or second dimension, yards (variable measure trade item);"WIDTH (yd)""";
"""3274";Description: Depth, thickness, height, or third dimension, inches (variable measure trade item);"HEIGHT (in)""";
"""3284";Description: Depth, thickness, height, or third dimension, feet (variable measure trade item);"HEIGHT (ft)""";
"""3294";Description: Depth, thickness, height, or third dimension, yards (variable measure trade item);"HEIGHT (yd)""";
"""3304";Description: Logistic weight, kilograms;"GROSS WEIGHT (kg)""";
"""3314";Description: Length or first dimension, metres;"LENGTH (m), log""";
"""3324";Description: Width, diameter, or second dimension, metres;"WIDTH (m), log""";
"""3334";Description: Depth, thickness, height, or third dimension, metres;"HEIGHT (m), log""";
"""3344";Description: Area, square metres;"AREA (m<sup>2</sup>), log""";
"""3354";Description: Logistic volume, litres;"VOLUME (l), log""";
"""3364";Description: Logistic volume, cubic metres;"VOLUME (m<sup>3</sup>), log""";
"""3374";Description: Kilograms per square metre;"KG PER m<sup>2</sup>""";
"""3404";Description: Logistic weight, pounds;"GROSSWEIGHT (lb)""";
"""3414";Description: Length or first dimension, inches;"LENGTH (in), log""";
"""3424";Description: Length or first dimension, feet;"LENGTH (ft), log""";
"""3434";Description: Length or first dimension, yards;"LENGTH (yd), log""";
"""3444";Description: Width, diameter, or second dimension, inches;"WIDTH (in), log""";
"""3454";Description: Width, diameter, or second dimension, feet;"WIDTH (ft), log""";
"""3464";Description: Width, diameter, or second dimension, feet;"WIDTH (yd), log""";
"""3474";Description: Depth, thickness, height, or third dimension, inches;"HEIGHT (in), log""";
"""3484";Description: Depth, thickness, height, or third dimension, feet;"HEIGHT (ft), log""";
"""3494";Description: Depth, thickness, height, or third dimension, yards;"HEIGHT (yd), log""";
"""3504";Description: Area, square inches (variable measure trade item);"AREA (in<sup>2</sup>)""";
"""3514";Description: Area, square feet (variable measure trade item);"AREA (ft<sup>2</sup>)""";
"""3524";Description: Area, square yards (variable measure trade item);"AREA (yd<sup>2</sup>)""";
"""3534";Description: Area, square inches;"AREA (in<sup>2</sup>), log""";
"""3544";Description: Area, square feet;"AREA (ft<sup>2</sup>), log""";
"""3554";Description: Area, square yards;"AREA (yd<sup>2</sup>), log""";
"""3564";Description: Net weight, troy ounces (variable measure trade item);"NET WEIGHT (t oz)""";
"""3574";Description: Net weight (or volume), ounces (variable measure trade item);"NET VOLUME (oz)""";
"""3604";Description: Net volume, quarts (variable measure trade item);"NET VOLUME (qt)""";
"""3614";Description: Net volume, gallons U.S. (variable measure trade item);"NET VOLUME (gal.)""";
"""3624";Description: Logistic volume, quarts;"VOLUME (qt), log""";
"""3634";Description: Logistic volume, gallons U.S.;"VOLUME (gal.), log""";
"""3644";Description: Net volume, cubic inches (variable measure trade item);"VOLUME (in<sup>3</sup>)""";
"""3654";Description: Net volume, cubic feet (variable measure trade item);"VOLUME (ft<sup>3</sup>)""";
"""3664";Description: Net volume, cubic yards (variable measure trade item);"VOLUME (yd<sup>3</sup>)""";
"""3674";Description: Logistic volume, cubic inches;"VOLUME (in<sup>3</sup>), log""";
"""3684";Description: Logistic volume, cubic feet;"VOLUME (ft<sup>3</sup>), log""";
"""3694";Description: Logistic volume, cubic yards;"VOLUME (yd<sup>3</sup>), log""";
"""3105";Description: Net weight, kilograms (variable measure trade item);"NET WEIGHT (kg)""";
"""3115";Description: Length or first dimension, metres (variable measure trade item);"LENGTH (m)""";
"""3125";Description: Width, diameter, or second dimension, metres (variable measure trade item);"WIDTH (m)""";
"""3135";Description: Depth, thickness, height, or third dimension, metres (variable measure trade item);"HEIGHT (m)""";
"""3145";Description: Area, square metres (variable measure trade item);"AREA (m<sup>2</sup>)""";
"""3155";Description: Net volume, litres (variable measure trade item);"NET VOLUME (l)""";
"""3165";Description: Net volume, cubic metres (variable measure trade item);"NET VOLUME (m<sup>3</sup>)""";
"""3205";Description: Net weight, pounds (variable measure trade item);"NET WEIGHT (lb)""";
"""3215";Description: Length or first dimension, inches (variable measure trade item);"LENGTH (in)""";
"""3225";Description: Length or first dimension, feet (variable measure trade item);"LENGTH (ft)""";
"""3235";Description: Length or first dimension, yards (variable measure trade item);"LENGTH (yd)""";
"""3245";Description: Width, diameter, or second dimension, inches (variable measure trade item);"WIDTH (in)""";
"""3255";Description: Width, diameter, or second dimension, feet (variable measure trade item);"WIDTH (ft)""";
"""3265";Description: Width, diameter, or second dimension, yards (variable measure trade item);"WIDTH (yd)""";
"""3275";Description: Depth, thickness, height, or third dimension, inches (variable measure trade item);"HEIGHT (in)""";
"""3285";Description: Depth, thickness, height, or third dimension, feet (variable measure trade item);"HEIGHT (ft)""";
"""3295";Description: Depth, thickness, height, or third dimension, yards (variable measure trade item);"HEIGHT (yd)""";
"""3305";Description: Logistic weight, kilograms;"GROSS WEIGHT (kg)""";
"""3315";Description: Length or first dimension, metres;"LENGTH (m), log""";
"""3325";Description: Width, diameter, or second dimension, metres;"WIDTH (m), log""";
"""3335";Description: Depth, thickness, height, or third dimension, metres;"HEIGHT (m), log""";
"""3345";Description: Area, square metres;"AREA (m<sup>2</sup>), log""";
"""3355";Description: Logistic volume, litres;"VOLUME (l), log""";
"""3365";Description: Logistic volume, cubic metres;"VOLUME (m<sup>3</sup>), log""";
"""3375";Description: Kilograms per square metre;"KG PER m<sup>2</sup>""";
"""3405";Description: Logistic weight, pounds;"GROSS WEIGHT (lb)""";
"""3415";Description: Length or first dimension, inches;"LENGTH (in), log""";
"""3425";Description: Length or first dimension, feet;"LENGTH (ft), log""";
"""3435";Description: Length or first dimension, yards;"LENGTH (yd), log""";
"""3445";Description: Width, diameter, or second dimension, inches;"WIDTH (in), log""";
"""3455";Description: Width, diameter, or second dimension, feet;"WIDTH (ft), log""";
"""3465";Description: Width, diameter, or second dimension, feet;"WIDTH (yd), log""";
"""3475";Description: Depth, thickness, height, or third dimension, inches;"HEIGHT (in), log""";
"""3485";Description: Depth, thickness, height, or third dimension, feet;"HEIGHT (ft), log""";
"""3495";Description: Depth, thickness, height, or third dimension, yards;"HEIGHT (yd), log""";
"""3505";Description: Area, square inches (variable measure trade item);"AREA (in<sup>2</sup>)""";
"""3515";Description: Area, square feet (variable measure trade item);"AREA (ft<sup>2</sup>)""";
"""3525";Description: Area, square yards (variable measure trade item);"AREA (yd<sup>2</sup>)""";
"""3535";Description: Area, square inches;"AREA (in<sup>2</sup>), log""";
"""3545";Description: Area, square feet;"AREA (ft<sup>2</sup>), log""";
"""3555";Description: Area, square yards;"AREA (yd<sup>2</sup>), log""";
"""3565";Description: Net weight, troy ounces (variable measure trade item);"NET WEIGHT (t oz)""";
"""3575";Description: Net weight (or volume), ounces (variable measure trade item);"NET VOLUME (oz)""";
"""3605";Description: Net volume, quarts (variable measure trade item);"NET VOLUME (qt)""";
"""3615";Description: Net volume, gallons U.S. (variable measure trade item);"NET VOLUME (gal.)""";
"""3625";Description: Logistic volume, quarts;"VOLUME (qt), log""";
"""3635";Description: Logistic volume, gallons U.S.;"VOLUME (gal.), log""";
"""3645";Description: Net volume, cubic inches (variable measure trade item);"VOLUME (in<sup>3</sup>)""";
"""3655";Description: Net volume, cubic feet (variable measure trade item);"VOLUME (ft<sup>3</sup>)""";
"""3665";Description: Net volume, cubic yards (variable measure trade item);"VOLUME (yd<sup>3</sup>)""";
"""3675";Description: Logistic volume, cubic inches;"VOLUME (in<sup>3</sup>), log""";
"""3685";Description: Logistic volume, cubic feet;"VOLUME (ft<sup>3</sup>), log""";
"""3695";Description: Logistic volume, cubic yards;"VOLUME (yd<sup>3</sup>), log""";
"""3900";Description: Applicable amount payable or Coupon value, local currency;"AMOUNT""";
"""3901";Description: Applicable amount payable or Coupon value, local currency;"AMOUNT""";
"""3902";Description: Applicable amount payable or Coupon value, local currency;"AMOUNT""";
"""3903";Description: Applicable amount payable or Coupon value, local currency;"AMOUNT""";
"""3904";Description: Applicable amount payable or Coupon value, local currency;"AMOUNT""";
"""3905";Description: Applicable amount payable or Coupon value, local currency;"AMOUNT""";
"""3906";Description: Applicable amount payable or Coupon value, local currency;"AMOUNT""";
"""3907";Description: Applicable amount payable or Coupon value, local currency;"AMOUNT""";
"""3908";Description: Applicable amount payable or Coupon value, local currency;"AMOUNT""";
"""3909";Description: Applicable amount payable or Coupon value, local currency;"AMOUNT""";
"""3910";Description: Applicable amount payable with ISO currency code;ISO:;"AMOUNT"""
"""3911";Description: Applicable amount payable with ISO currency code;ISO:;"AMOUNT"""
"""3912";Description: Applicable amount payable with ISO currency code;ISO:;"AMOUNT"""
"""3913";Description: Applicable amount payable with ISO currency code;ISO:;"AMOUNT"""
"""3914";Description: Applicable amount payable with ISO currency code;ISO:;"AMOUNT"""
"""3915";Description: Applicable amount payable with ISO currency code;ISO:;"AMOUNT"""
"""3916";Description: Applicable amount payable with ISO currency code;ISO:;"AMOUNT"""
"""3917";Description: Applicable amount payable with ISO currency code;ISO:;"AMOUNT"""
"""3918";Description: Applicable amount payable with ISO currency code;ISO:;"AMOUNT"""
"""3919";Description: Applicable amount payable with ISO currency code;ISO:;"AMOUNT"""
"""3920";Description: Applicable amount payable, single monetary area (variable measure trade item);"PRICE""";
"""3921";Description: Applicable amount payable, single monetary area (variable measure trade item);"PRICE""";
"""3922";Description: Applicable amount payable, single monetary area (variable measure trade item);"PRICE""";
"""3923";Description: Applicable amount payable, single monetary area (variable measure trade item);"PRICE""";
"""3924";Description: Applicable amount payable, single monetary area (variable measure trade item);"PRICE""";
"""3925";Description: Applicable amount payable, single monetary area (variable measure trade item);"PRICE""";
"""3926";Description: Applicable amount payable, single monetary area (variable measure trade item);"PRICE""";
"""3927";Description: Applicable amount payable, single monetary area (variable measure trade item);"PRICE""";
"""3928";Description: Applicable amount payable, single monetary area (variable measure trade item);"PRICE""";
"""3929";Description: Applicable amount payable, single monetary area (variable measure trade item);"PRICE""";
"""3930";Description: Applicable amount payable with ISO currency code (variable measure trade item);ISO:;"PRICE"""
"""3931";Description: Applicable amount payable with ISO currency code (variable measure trade item);ISO:;"PRICE"""
"""3932";Description: Applicable amount payable with ISO currency code (variable measure trade item);ISO:;"PRICE"""
"""3933";Description: Applicable amount payable with ISO currency code (variable measure trade item);ISO:;"PRICE"""
"""3934";Description: Applicable amount payable with ISO currency code (variable measure trade item);ISO:;"PRICE"""
"""3935";Description: Applicable amount payable with ISO currency code (variable measure trade item);ISO:;"PRICE"""
"""3936";Description: Applicable amount payable with ISO currency code (variable measure trade item);ISO:;"PRICE"""
"""3937";Description: Applicable amount payable with ISO currency code (variable measure trade item);ISO:;"PRICE"""
"""3938";Description: Applicable amount payable with ISO currency code (variable measure trade item);ISO:;"PRICE"""
"""3939";Description: Applicable amount payable with ISO currency code (variable measure trade item);ISO:;"PRICE"""
"""3940";Description: Percentage discount of a coupon;"PRCNT OFF""";
"""3941";Description: Percentage discount of a coupon;"PRCNT OFF""";
"""3942";Description: Percentage discount of a coupon;"PRCNT OFF""";
"""3943";Description: Percentage discount of a coupon;"PRCNT OFF""";
"""3950";Description: Amount Payable per unit of measure single monetary area (variable measure trade item);"PRICE/UoM""";
"""3951";Description: Amount Payable per unit of measure single monetary area (variable measure trade item);"PRICE/UoM""";
"""3952";Description: Amount Payable per unit of measure single monetary area (variable measure trade item);"PRICE/UoM""";
"""3953";Description: Amount Payable per unit of measure single monetary area (variable measure trade item);"PRICE/UoM""";
"""3954";Description: Amount Payable per unit of measure single monetary area (variable measure trade item);"PRICE/UoM""";
"""3955";Description: Amount Payable per unit of measure single monetary area (variable measure trade item);"PRICE/UoM""";
"""3956";Description: Amount Payable per unit of measure single monetary area (variable measure trade item);"PRICE/UoM""";
"""3957";Description: Amount Payable per unit of measure single monetary area (variable measure trade item);"PRICE/UoM""";
"""3958";Description: Amount Payable per unit of measure single monetary area (variable measure trade item);"PRICE/UoM""";
"""3959";Description: Amount Payable per unit of measure single monetary area (variable measure trade item);"PRICE/UoM""";
"""4300";Description: Ship-to / Deliver-to company name;"SHIP TO COMP""";
"""4301";Description: Ship-to / Deliver-to contact;"SHIP TO NAME""";
"""4302";Description: Ship-to / Deliver-to address line 1;"SHIP TO ADD1""";
"""4303";Description: Ship-to / Deliver-to address line 2;"SHIP TO ADD2""";
"""4304";Description: Ship-to / Deliver-to suburb;"SHIP TO SUB""";
